{
  "namespace": "sap.capire.bookshop",
  "definitions": {
    "sap.capire.bookshop.Books": {
      "kind": "entity",
      "includes": [
        "managed"
      ],
      "elements": {
        "createdAt": {
          "@cds.on.insert": {
            "=": "$now"
          },
          "@UI.HiddenFilter": true,
          "@UI.ExcludeFromNavigationContext": true,
          "@Core.Immutable": true,
          "@title": "{i18n>CreatedAt}",
          "@readonly": true,
          "type": "cds.Timestamp"
        },
        "createdBy": {
          "@cds.on.insert": {
            "=": "$user"
          },
          "@UI.HiddenFilter": true,
          "@UI.ExcludeFromNavigationContext": true,
          "@Core.Immutable": true,
          "@title": "{i18n>CreatedBy}",
          "@readonly": true,
          "@description": "{i18n>UserID.Description}",
          "type": "User",
          "length": 255
        },
        "modifiedAt": {
          "@cds.on.insert": {
            "=": "$now"
          },
          "@cds.on.update": {
            "=": "$now"
          },
          "@UI.HiddenFilter": true,
          "@UI.ExcludeFromNavigationContext": true,
          "@title": "{i18n>ChangedAt}",
          "@readonly": true,
          "type": "cds.Timestamp"
        },
        "modifiedBy": {
          "@cds.on.insert": {
            "=": "$user"
          },
          "@cds.on.update": {
            "=": "$user"
          },
          "@UI.HiddenFilter": true,
          "@UI.ExcludeFromNavigationContext": true,
          "@title": "{i18n>ChangedBy}",
          "@readonly": true,
          "@description": "{i18n>UserID.Description}",
          "type": "User",
          "length": 255
        },
        "ID": {
          "@title": "{i18n>id}",
          "key": true,
          "type": "cds.Integer"
        },
        "title": {
          "@title": "{i18n>title}",
          "localized": true,
          "type": "cds.String",
          "length": 111
        },
        "descr": {
          "@title": "{i18n>description}",
          "localized": true,
          "type": "cds.String",
          "length": 1111
        },
        "author": {
          "@title": "{i18n>author}",
          "type": "cds.Association",
          "target": "sap.capire.bookshop.Authors",
          "keys": [
            {
              "ref": [
                "ID"
              ]
            }
          ]
        },
        "genre": {
          "@title": "{i18n>genre}",
          "type": "cds.Association",
          "target": "sap.capire.bookshop.Genres",
          "keys": [
            {
              "ref": [
                "ID"
              ]
            }
          ]
        },
        "stock": {
          "@title": "{i18n>stock}",
          "type": "cds.Integer"
        },
        "price": {
          "@title": "{i18n>price}",
          "type": "cds.Decimal"
        },
        "currency": {
          "@title": "{i18n>currency}",
          "@description": "{i18n>CurrencyCode.Description}",
          "type": "Currency",
          "target": "sap.common.Currencies",
          "keys": [
            {
              "ref": [
                "code"
              ]
            }
          ]
        },
        "texts": {
          "type": "cds.Composition",
          "cardinality": {
            "max": "*"
          },
          "target": "sap.capire.bookshop.Books.texts",
          "on": [
            {
              "ref": [
                "texts",
                "ID"
              ]
            },
            "=",
            {
              "ref": [
                "ID"
              ]
            }
          ]
        },
        "localized": {
          "type": "cds.Association",
          "target": "sap.capire.bookshop.Books.texts",
          "on": [
            {
              "ref": [
                "localized",
                "ID"
              ]
            },
            "=",
            {
              "ref": [
                "ID"
              ]
            },
            "and",
            {
              "ref": [
                "localized",
                "locale"
              ]
            },
            "=",
            {
              "ref": [
                "$user",
                "locale"
              ]
            }
          ]
        }
      }
    },
    "sap.capire.bookshop.Authors": {
      "kind": "entity",
      "includes": [
        "managed"
      ],
      "elements": {
        "createdAt": {
          "@cds.on.insert": {
            "=": "$now"
          },
          "@UI.HiddenFilter": true,
          "@UI.ExcludeFromNavigationContext": true,
          "@Core.Immutable": true,
          "@title": "{i18n>CreatedAt}",
          "@readonly": true,
          "type": "cds.Timestamp"
        },
        "createdBy": {
          "@cds.on.insert": {
            "=": "$user"
          },
          "@UI.HiddenFilter": true,
          "@UI.ExcludeFromNavigationContext": true,
          "@Core.Immutable": true,
          "@title": "{i18n>CreatedBy}",
          "@readonly": true,
          "@description": "{i18n>UserID.Description}",
          "type": "User",
          "length": 255
        },
        "modifiedAt": {
          "@cds.on.insert": {
            "=": "$now"
          },
          "@cds.on.update": {
            "=": "$now"
          },
          "@UI.HiddenFilter": true,
          "@UI.ExcludeFromNavigationContext": true,
          "@title": "{i18n>ChangedAt}",
          "@readonly": true,
          "type": "cds.Timestamp"
        },
        "modifiedBy": {
          "@cds.on.insert": {
            "=": "$user"
          },
          "@cds.on.update": {
            "=": "$user"
          },
          "@UI.HiddenFilter": true,
          "@UI.ExcludeFromNavigationContext": true,
          "@title": "{i18n>ChangedBy}",
          "@readonly": true,
          "@description": "{i18n>UserID.Description}",
          "type": "User",
          "length": 255
        },
        "ID": {
          "key": true,
          "type": "cds.Integer"
        },
        "name": {
          "@title": "{i18n>authors}",
          "type": "cds.String",
          "length": 111
        },
        "dateOfBirth": {
          "@title": "{i18n>dateOfBirth}",
          "type": "cds.Date"
        },
        "dateOfDeath": {
          "@title": "{i18n>dateOfDeath}",
          "type": "cds.Date"
        },
        "placeOfBirth": {
          "@title": "{i18n>placeOfBirth}",
          "type": "cds.String"
        },
        "placeOfDeath": {
          "@title": "{i18n>placeOfDeath}",
          "type": "cds.String"
        },
        "books": {
          "type": "cds.Association",
          "cardinality": {
            "max": "*"
          },
          "target": "sap.capire.bookshop.Books",
          "on": [
            {
              "ref": [
                "books",
                "author"
              ]
            },
            "=",
            {
              "ref": [
                "$self"
              ]
            }
          ]
        }
      }
    },
    "sap.capire.bookshop.Genres": {
      "kind": "entity",
      "@cds.autoexpose": true,
      "@cds.persistence.skip": "if-unused",
      "@UI.Identification": [
        {
          "Value": {
            "=": "name"
          }
        }
      ],
      "@cds.odata.valuelist": true,
      "includes": [
        "sap.common.CodeList"
      ],
      "elements": {
        "name": {
          "@title": "{i18n>Name}",
          "localized": true,
          "type": "cds.String",
          "length": 255
        },
        "descr": {
          "@title": "{i18n>Description}",
          "localized": true,
          "type": "cds.String",
          "length": 1000
        },
        "ID": {
          "key": true,
          "type": "cds.Integer"
        },
        "parent": {
          "type": "cds.Association",
          "target": "sap.capire.bookshop.Genres",
          "keys": [
            {
              "ref": [
                "ID"
              ]
            }
          ]
        },
        "children": {
          "type": "cds.Composition",
          "cardinality": {
            "max": "*"
          },
          "target": "sap.capire.bookshop.Genres",
          "on": [
            {
              "ref": [
                "children",
                "parent"
              ]
            },
            "=",
            {
              "ref": [
                "$self"
              ]
            }
          ]
        },
        "texts": {
          "type": "cds.Composition",
          "cardinality": {
            "max": "*"
          },
          "target": "sap.capire.bookshop.Genres.texts",
          "on": [
            {
              "ref": [
                "texts",
                "ID"
              ]
            },
            "=",
            {
              "ref": [
                "ID"
              ]
            }
          ]
        },
        "localized": {
          "type": "cds.Association",
          "target": "sap.capire.bookshop.Genres.texts",
          "on": [
            {
              "ref": [
                "localized",
                "ID"
              ]
            },
            "=",
            {
              "ref": [
                "ID"
              ]
            },
            "and",
            {
              "ref": [
                "localized",
                "locale"
              ]
            },
            "=",
            {
              "ref": [
                "$user",
                "locale"
              ]
            }
          ]
        }
      }
    },
    "CatlogService": {
      "@source": "srv/CatalogService.cds",
      "kind": "service"
    },
    "CatlogService.Books": {
      "kind": "entity",
      "@requires": "USA_USER",
      "@restrict": [
        {
          "grant": "READ",
          "where": "currency_code='USD'",
          "_where": "[{\"ref\":[\"currency_code\"]},\"=\",{\"val\":\"USD\"}]"
        }
      ],
      "@UI.HeaderInfo.Title.Value": {
        "=": "ID"
      },
      "@UI.HeaderInfo.Title.$Type": "UI.DataField",
      "@UI.HeaderInfo.TypeName": "{i18n>Book}",
      "@UI.HeaderInfo.TypeNamePlural": "{i18n>Books}",
      "@UI.LineItem": [
        {
          "Value": {
            "=": "ID"
          }
        },
        {
          "Value": {
            "=": "title"
          }
        },
        {
          "Value": {
            "=": "author.name"
          }
        },
        {
          "Value": {
            "=": "stock"
          }
        },
        {
          "Value": {
            "=": "price"
          }
        },
        {
          "Value": {
            "=": "currency_code"
          }
        },
        {
          "Value": {
            "=": "currency.symbol"
          }
        }
      ],
      "projection": {
        "from": {
          "ref": [
            "sap.capire.bookshop.Books"
          ]
        }
      },
      "elements": {
        "createdAt": {
          "@cds.on.insert": {
            "=": "$now"
          },
          "@UI.HiddenFilter": true,
          "@UI.ExcludeFromNavigationContext": true,
          "@Core.Immutable": true,
          "@title": "{i18n>CreatedAt}",
          "@readonly": true,
          "type": "cds.Timestamp"
        },
        "createdBy": {
          "@cds.on.insert": {
            "=": "$user"
          },
          "@UI.HiddenFilter": true,
          "@UI.ExcludeFromNavigationContext": true,
          "@Core.Immutable": true,
          "@title": "{i18n>CreatedBy}",
          "@readonly": true,
          "@description": "{i18n>UserID.Description}",
          "type": "User",
          "length": 255
        },
        "modifiedAt": {
          "@cds.on.insert": {
            "=": "$now"
          },
          "@cds.on.update": {
            "=": "$now"
          },
          "@UI.HiddenFilter": true,
          "@UI.ExcludeFromNavigationContext": true,
          "@title": "{i18n>ChangedAt}",
          "@readonly": true,
          "type": "cds.Timestamp"
        },
        "modifiedBy": {
          "@cds.on.insert": {
            "=": "$user"
          },
          "@cds.on.update": {
            "=": "$user"
          },
          "@UI.HiddenFilter": true,
          "@UI.ExcludeFromNavigationContext": true,
          "@title": "{i18n>ChangedBy}",
          "@readonly": true,
          "@description": "{i18n>UserID.Description}",
          "type": "User",
          "length": 255
        },
        "ID": {
          "@title": "{i18n>id}",
          "key": true,
          "type": "cds.Integer"
        },
        "title": {
          "@title": "{i18n>title}",
          "localized": true,
          "type": "cds.String",
          "length": 111
        },
        "descr": {
          "@title": "{i18n>description}",
          "localized": true,
          "type": "cds.String",
          "length": 1111
        },
        "author": {
          "@title": "{i18n>author}",
          "type": "cds.Association",
          "target": "CatlogService.Authors",
          "keys": [
            {
              "ref": [
                "ID"
              ]
            }
          ]
        },
        "genre": {
          "@title": "{i18n>genre}",
          "type": "cds.Association",
          "target": "CatlogService.Genres",
          "keys": [
            {
              "ref": [
                "ID"
              ]
            }
          ]
        },
        "stock": {
          "@title": "{i18n>stock}",
          "type": "cds.Integer"
        },
        "price": {
          "@title": "{i18n>price}",
          "type": "cds.Decimal"
        },
        "currency": {
          "@title": "{i18n>currency}",
          "@description": "{i18n>CurrencyCode.Description}",
          "type": "Currency",
          "target": "CatlogService.Currencies",
          "keys": [
            {
              "ref": [
                "code"
              ]
            }
          ]
        },
        "texts": {
          "type": "cds.Composition",
          "cardinality": {
            "max": "*"
          },
          "target": "CatlogService.Books.texts",
          "on": [
            {
              "ref": [
                "texts",
                "ID"
              ]
            },
            "=",
            {
              "ref": [
                "ID"
              ]
            }
          ]
        },
        "localized": {
          "type": "cds.Association",
          "target": "CatlogService.Books.texts",
          "on": [
            {
              "ref": [
                "localized",
                "ID"
              ]
            },
            "=",
            {
              "ref": [
                "ID"
              ]
            },
            "and",
            {
              "ref": [
                "localized",
                "locale"
              ]
            },
            "=",
            {
              "ref": [
                "$user",
                "locale"
              ]
            }
          ]
        }
      }
    },
    "CatlogService.Authors": {
      "kind": "entity",
      "@requires": "aunthenticated-user",
      "@UI.HeaderInfo.TypeName": "Author",
      "@UI.HeaderInfo.TypeNamePlural": "Authors",
      "@UI.HeaderInfo.Title.Value": {
        "=": "ID"
      },
      "@UI.HeaderInfo.Title.Label": "{i18n>Details}",
      "@UI.HeaderInfo.Title.$Type": "UI.DataField",
      "@UI.SelectionFields": [
        {
          "=": "ID"
        },
        {
          "=": "name"
        }
      ],
      "@UI.LineItem": [
        {
          "Value": {
            "=": "ID"
          }
        },
        {
          "Value": {
            "=": "name"
          }
        },
        {
          "Value": {
            "=": "dateOfBirth"
          }
        },
        {
          "Value": {
            "=": "dateOfDeath"
          }
        },
        {
          "Value": {
            "=": "placeOfBirth"
          }
        },
        {
          "Value": {
            "=": "placeOfDeath"
          }
        }
      ],
      "@UI.Facets": [
        {
          "$Type": "UI.ReferenceFacet",
          "Label": "{i18n>Details}",
          "Target": "@UI.FieldGroup#Details"
        },
        {
          "$Type": "UI.ReferenceFacet",
          "Label": "{i18n>Books}",
          "Target": "books/@UI.LineItem"
        }
      ],
      "@UI.FieldGroup#Details.Data": [
        {
          "Value": {
            "=": "name"
          }
        },
        {
          "Value": {
            "=": "placeOfBirth"
          }
        },
        {
          "Value": {
            "=": "placeOfDeath"
          }
        },
        {
          "Value": {
            "=": "dateOfBirth"
          }
        },
        {
          "Value": {
            "=": "dateOfDeath"
          }
        }
      ],
      "projection": {
        "from": {
          "ref": [
            "sap.capire.bookshop.Authors"
          ]
        }
      },
      "elements": {
        "createdAt": {
          "@cds.on.insert": {
            "=": "$now"
          },
          "@UI.HiddenFilter": true,
          "@UI.ExcludeFromNavigationContext": true,
          "@Core.Immutable": true,
          "@title": "{i18n>CreatedAt}",
          "@readonly": true,
          "type": "cds.Timestamp"
        },
        "createdBy": {
          "@cds.on.insert": {
            "=": "$user"
          },
          "@UI.HiddenFilter": true,
          "@UI.ExcludeFromNavigationContext": true,
          "@Core.Immutable": true,
          "@title": "{i18n>CreatedBy}",
          "@readonly": true,
          "@description": "{i18n>UserID.Description}",
          "type": "User",
          "length": 255
        },
        "modifiedAt": {
          "@cds.on.insert": {
            "=": "$now"
          },
          "@cds.on.update": {
            "=": "$now"
          },
          "@UI.HiddenFilter": true,
          "@UI.ExcludeFromNavigationContext": true,
          "@title": "{i18n>ChangedAt}",
          "@readonly": true,
          "type": "cds.Timestamp"
        },
        "modifiedBy": {
          "@cds.on.insert": {
            "=": "$user"
          },
          "@cds.on.update": {
            "=": "$user"
          },
          "@UI.HiddenFilter": true,
          "@UI.ExcludeFromNavigationContext": true,
          "@title": "{i18n>ChangedBy}",
          "@readonly": true,
          "@description": "{i18n>UserID.Description}",
          "type": "User",
          "length": 255
        },
        "ID": {
          "key": true,
          "type": "cds.Integer"
        },
        "name": {
          "@title": "{i18n>authors}",
          "type": "cds.String",
          "length": 111
        },
        "dateOfBirth": {
          "@title": "{i18n>dateOfBirth}",
          "type": "cds.Date"
        },
        "dateOfDeath": {
          "@title": "{i18n>dateOfDeath}",
          "type": "cds.Date"
        },
        "placeOfBirth": {
          "@title": "{i18n>placeOfBirth}",
          "type": "cds.String"
        },
        "placeOfDeath": {
          "@title": "{i18n>placeOfDeath}",
          "type": "cds.String"
        },
        "books": {
          "type": "cds.Association",
          "cardinality": {
            "max": "*"
          },
          "target": "CatlogService.Books",
          "on": [
            {
              "ref": [
                "books",
                "author"
              ]
            },
            "=",
            {
              "ref": [
                "$self"
              ]
            }
          ]
        }
      }
    },
    "Language": {
      "kind": "type",
      "@title": "{i18n>Language}",
      "@description": "{i18n>LanguageCode.Description}",
      "type": "cds.Association",
      "target": "sap.common.Languages",
      "keys": [
        {
          "ref": [
            "code"
          ]
        }
      ]
    },
    "Currency": {
      "kind": "type",
      "@title": "{i18n>Currency}",
      "@description": "{i18n>CurrencyCode.Description}",
      "type": "cds.Association",
      "target": "sap.common.Currencies",
      "keys": [
        {
          "ref": [
            "code"
          ]
        }
      ]
    },
    "Country": {
      "kind": "type",
      "@title": "{i18n>Country}",
      "@description": "{i18n>CountryCode.Description}",
      "type": "cds.Association",
      "target": "sap.common.Countries",
      "keys": [
        {
          "ref": [
            "code"
          ]
        }
      ]
    },
    "Timezone": {
      "kind": "type",
      "type": "cds.Association",
      "target": "sap.common.Timezones",
      "keys": [
        {
          "ref": [
            "code"
          ]
        }
      ]
    },
    "sap.common": {
      "kind": "context"
    },
    "sap.common.Locale": {
      "kind": "type",
      "@title": "{i18n>LanguageCode}",
      "type": "cds.String",
      "length": 14
    },
    "sap.common.Languages": {
      "kind": "entity",
      "@cds.autoexpose": true,
      "@cds.persistence.skip": "if-unused",
      "@UI.Identification": [
        {
          "Value": {
            "=": "name"
          }
        }
      ],
      "@cds.odata.valuelist": true,
      "includes": [
        "sap.common.CodeList"
      ],
      "elements": {
        "name": {
          "@title": "{i18n>Name}",
          "localized": true,
          "type": "cds.String",
          "length": 255
        },
        "descr": {
          "@title": "{i18n>Description}",
          "localized": true,
          "type": "cds.String",
          "length": 1000
        },
        "code": {
          "@Common.Text": {
            "=": "name"
          },
          "@title": "{i18n>LanguageCode}",
          "key": true,
          "type": "sap.common.Locale",
          "length": 14
        },
        "texts": {
          "type": "cds.Composition",
          "cardinality": {
            "max": "*"
          },
          "target": "sap.common.Languages.texts",
          "on": [
            {
              "ref": [
                "texts",
                "code"
              ]
            },
            "=",
            {
              "ref": [
                "code"
              ]
            }
          ]
        },
        "localized": {
          "type": "cds.Association",
          "target": "sap.common.Languages.texts",
          "on": [
            {
              "ref": [
                "localized",
                "code"
              ]
            },
            "=",
            {
              "ref": [
                "code"
              ]
            },
            "and",
            {
              "ref": [
                "localized",
                "locale"
              ]
            },
            "=",
            {
              "ref": [
                "$user",
                "locale"
              ]
            }
          ]
        }
      }
    },
    "sap.common.Countries": {
      "kind": "entity",
      "@cds.autoexpose": true,
      "@cds.persistence.skip": "if-unused",
      "@UI.Identification": [
        {
          "Value": {
            "=": "name"
          }
        }
      ],
      "@cds.odata.valuelist": true,
      "includes": [
        "sap.common.CodeList"
      ],
      "elements": {
        "name": {
          "@title": "{i18n>Name}",
          "localized": true,
          "type": "cds.String",
          "length": 255
        },
        "descr": {
          "@title": "{i18n>Description}",
          "localized": true,
          "type": "cds.String",
          "length": 1000
        },
        "code": {
          "@title": "{i18n>CountryCode}",
          "@Common.Text": {
            "=": "name"
          },
          "key": true,
          "type": "cds.String",
          "length": 3
        },
        "texts": {
          "type": "cds.Composition",
          "cardinality": {
            "max": "*"
          },
          "target": "sap.common.Countries.texts",
          "on": [
            {
              "ref": [
                "texts",
                "code"
              ]
            },
            "=",
            {
              "ref": [
                "code"
              ]
            }
          ]
        },
        "localized": {
          "type": "cds.Association",
          "target": "sap.common.Countries.texts",
          "on": [
            {
              "ref": [
                "localized",
                "code"
              ]
            },
            "=",
            {
              "ref": [
                "code"
              ]
            },
            "and",
            {
              "ref": [
                "localized",
                "locale"
              ]
            },
            "=",
            {
              "ref": [
                "$user",
                "locale"
              ]
            }
          ]
        }
      }
    },
    "sap.common.Currencies": {
      "kind": "entity",
      "@cds.autoexpose": true,
      "@cds.persistence.skip": "if-unused",
      "@UI.Identification": [
        {
          "Value": {
            "=": "name"
          }
        }
      ],
      "@cds.odata.valuelist": true,
      "includes": [
        "sap.common.CodeList"
      ],
      "elements": {
        "name": {
          "@title": "{i18n>Name}",
          "localized": true,
          "type": "cds.String",
          "length": 255
        },
        "descr": {
          "@title": "{i18n>Description}",
          "localized": true,
          "type": "cds.String",
          "length": 1000
        },
        "code": {
          "@title": "{i18n>CurrencyCode}",
          "@Common.Text": {
            "=": "name"
          },
          "key": true,
          "type": "cds.String",
          "length": 3
        },
        "symbol": {
          "@title": "{i18n>CurrencySymbol}",
          "type": "cds.String",
          "length": 5
        },
        "minorUnit": {
          "@title": "{i18n>CurrencyMinorUnit}",
          "type": "cds.Int16"
        },
        "texts": {
          "type": "cds.Composition",
          "cardinality": {
            "max": "*"
          },
          "target": "sap.common.Currencies.texts",
          "on": [
            {
              "ref": [
                "texts",
                "code"
              ]
            },
            "=",
            {
              "ref": [
                "code"
              ]
            }
          ]
        },
        "localized": {
          "type": "cds.Association",
          "target": "sap.common.Currencies.texts",
          "on": [
            {
              "ref": [
                "localized",
                "code"
              ]
            },
            "=",
            {
              "ref": [
                "code"
              ]
            },
            "and",
            {
              "ref": [
                "localized",
                "locale"
              ]
            },
            "=",
            {
              "ref": [
                "$user",
                "locale"
              ]
            }
          ]
        }
      }
    },
    "sap.common.Timezones": {
      "kind": "entity",
      "@cds.autoexpose": true,
      "@cds.persistence.skip": "if-unused",
      "@UI.Identification": [
        {
          "Value": {
            "=": "name"
          }
        }
      ],
      "@cds.odata.valuelist": true,
      "includes": [
        "sap.common.CodeList"
      ],
      "elements": {
        "name": {
          "@title": "{i18n>Name}",
          "localized": true,
          "type": "cds.String",
          "length": 255
        },
        "descr": {
          "@title": "{i18n>Description}",
          "localized": true,
          "type": "cds.String",
          "length": 1000
        },
        "code": {
          "@title": "{i18n>TimeZoneCode}",
          "key": true,
          "type": "cds.String",
          "length": 100
        },
        "texts": {
          "type": "cds.Composition",
          "cardinality": {
            "max": "*"
          },
          "target": "sap.common.Timezones.texts",
          "on": [
            {
              "ref": [
                "texts",
                "code"
              ]
            },
            "=",
            {
              "ref": [
                "code"
              ]
            }
          ]
        },
        "localized": {
          "type": "cds.Association",
          "target": "sap.common.Timezones.texts",
          "on": [
            {
              "ref": [
                "localized",
                "code"
              ]
            },
            "=",
            {
              "ref": [
                "code"
              ]
            },
            "and",
            {
              "ref": [
                "localized",
                "locale"
              ]
            },
            "=",
            {
              "ref": [
                "$user",
                "locale"
              ]
            }
          ]
        }
      }
    },
    "sap.common.CodeList": {
      "kind": "aspect",
      "@cds.autoexpose": true,
      "@cds.persistence.skip": "if-unused",
      "@UI.Identification": [
        {
          "Value": {
            "=": "name"
          }
        }
      ],
      "@cds.odata.valuelist": true,
      "elements": {
        "name": {
          "@title": "{i18n>Name}",
          "localized": true,
          "type": "cds.String",
          "length": 255
        },
        "descr": {
          "@title": "{i18n>Description}",
          "localized": true,
          "type": "cds.String",
          "length": 1000
        }
      }
    },
    "sap.common.TextsAspect": {
      "kind": "aspect",
      "elements": {
        "locale": {
          "@title": "{i18n>LanguageCode}",
          "key": true,
          "type": "sap.common.Locale",
          "length": 14
        }
      }
    },
    "cuid": {
      "kind": "aspect",
      "elements": {
        "ID": {
          "key": true,
          "type": "cds.UUID"
        }
      }
    },
    "managed": {
      "kind": "aspect",
      "elements": {
        "createdAt": {
          "@cds.on.insert": {
            "=": "$now"
          },
          "@UI.HiddenFilter": true,
          "@UI.ExcludeFromNavigationContext": true,
          "@Core.Immutable": true,
          "@title": "{i18n>CreatedAt}",
          "@readonly": true,
          "type": "cds.Timestamp"
        },
        "createdBy": {
          "@cds.on.insert": {
            "=": "$user"
          },
          "@UI.HiddenFilter": true,
          "@UI.ExcludeFromNavigationContext": true,
          "@Core.Immutable": true,
          "@title": "{i18n>CreatedBy}",
          "@readonly": true,
          "@description": "{i18n>UserID.Description}",
          "type": "User",
          "length": 255
        },
        "modifiedAt": {
          "@cds.on.insert": {
            "=": "$now"
          },
          "@cds.on.update": {
            "=": "$now"
          },
          "@UI.HiddenFilter": true,
          "@UI.ExcludeFromNavigationContext": true,
          "@title": "{i18n>ChangedAt}",
          "@readonly": true,
          "type": "cds.Timestamp"
        },
        "modifiedBy": {
          "@cds.on.insert": {
            "=": "$user"
          },
          "@cds.on.update": {
            "=": "$user"
          },
          "@UI.HiddenFilter": true,
          "@UI.ExcludeFromNavigationContext": true,
          "@title": "{i18n>ChangedBy}",
          "@readonly": true,
          "@description": "{i18n>UserID.Description}",
          "type": "User",
          "length": 255
        }
      }
    },
    "temporal": {
      "kind": "aspect",
      "elements": {
        "validFrom": {
          "@cds.valid.from": true,
          "type": "cds.Timestamp"
        },
        "validTo": {
          "@cds.valid.to": true,
          "type": "cds.Timestamp"
        }
      }
    },
    "User": {
      "kind": "type",
      "@title": "{i18n>UserID}",
      "@description": "{i18n>UserID.Description}",
      "type": "cds.String",
      "length": 255
    },
    "sap.capire.bookshop.Books.texts": {
      "kind": "entity",
      "@odata.draft.enabled": false,
      "includes": [
        "sap.common.TextsAspect"
      ],
      "elements": {
        "locale": {
          "@title": "{i18n>LanguageCode}",
          "key": true,
          "type": "sap.common.Locale",
          "length": 14
        },
        "ID": {
          "@odata.containment.ignore": true,
          "@title": "{i18n>id}",
          "key": true,
          "type": "cds.Integer"
        },
        "title": {
          "@title": "{i18n>title}",
          "localized": null,
          "type": "cds.String",
          "length": 111
        },
        "descr": {
          "@title": "{i18n>description}",
          "localized": null,
          "type": "cds.String",
          "length": 1111
        }
      }
    },
    "sap.capire.bookshop.Genres.texts": {
      "kind": "entity",
      "@odata.draft.enabled": false,
      "includes": [
        "sap.common.TextsAspect"
      ],
      "elements": {
        "locale": {
          "@title": "{i18n>LanguageCode}",
          "key": true,
          "type": "sap.common.Locale",
          "length": 14
        },
        "name": {
          "@title": "{i18n>Name}",
          "localized": null,
          "type": "cds.String",
          "length": 255
        },
        "descr": {
          "@title": "{i18n>Description}",
          "localized": null,
          "type": "cds.String",
          "length": 1000
        },
        "ID": {
          "@odata.containment.ignore": true,
          "key": true,
          "type": "cds.Integer"
        }
      }
    },
    "sap.common.Languages.texts": {
      "kind": "entity",
      "@odata.draft.enabled": false,
      "includes": [
        "sap.common.TextsAspect"
      ],
      "elements": {
        "locale": {
          "@title": "{i18n>LanguageCode}",
          "key": true,
          "type": "sap.common.Locale",
          "length": 14
        },
        "name": {
          "@title": "{i18n>Name}",
          "localized": null,
          "type": "cds.String",
          "length": 255
        },
        "descr": {
          "@title": "{i18n>Description}",
          "localized": null,
          "type": "cds.String",
          "length": 1000
        },
        "code": {
          "@odata.containment.ignore": true,
          "@Common.Text": {
            "=": "name"
          },
          "@title": "{i18n>LanguageCode}",
          "key": true,
          "type": "sap.common.Locale",
          "length": 14
        }
      }
    },
    "sap.common.Countries.texts": {
      "kind": "entity",
      "@odata.draft.enabled": false,
      "includes": [
        "sap.common.TextsAspect"
      ],
      "elements": {
        "locale": {
          "@title": "{i18n>LanguageCode}",
          "key": true,
          "type": "sap.common.Locale",
          "length": 14
        },
        "name": {
          "@title": "{i18n>Name}",
          "localized": null,
          "type": "cds.String",
          "length": 255
        },
        "descr": {
          "@title": "{i18n>Description}",
          "localized": null,
          "type": "cds.String",
          "length": 1000
        },
        "code": {
          "@odata.containment.ignore": true,
          "@title": "{i18n>CountryCode}",
          "@Common.Text": {
            "=": "name"
          },
          "key": true,
          "type": "cds.String",
          "length": 3
        }
      }
    },
    "sap.common.Currencies.texts": {
      "kind": "entity",
      "@odata.draft.enabled": false,
      "includes": [
        "sap.common.TextsAspect"
      ],
      "elements": {
        "locale": {
          "@title": "{i18n>LanguageCode}",
          "key": true,
          "type": "sap.common.Locale",
          "length": 14
        },
        "name": {
          "@title": "{i18n>Name}",
          "localized": null,
          "type": "cds.String",
          "length": 255
        },
        "descr": {
          "@title": "{i18n>Description}",
          "localized": null,
          "type": "cds.String",
          "length": 1000
        },
        "code": {
          "@odata.containment.ignore": true,
          "@title": "{i18n>CurrencyCode}",
          "@Common.Text": {
            "=": "name"
          },
          "key": true,
          "type": "cds.String",
          "length": 3
        }
      }
    },
    "sap.common.Timezones.texts": {
      "kind": "entity",
      "@odata.draft.enabled": false,
      "includes": [
        "sap.common.TextsAspect"
      ],
      "elements": {
        "locale": {
          "@title": "{i18n>LanguageCode}",
          "key": true,
          "type": "sap.common.Locale",
          "length": 14
        },
        "name": {
          "@title": "{i18n>Name}",
          "localized": null,
          "type": "cds.String",
          "length": 255
        },
        "descr": {
          "@title": "{i18n>Description}",
          "localized": null,
          "type": "cds.String",
          "length": 1000
        },
        "code": {
          "@odata.containment.ignore": true,
          "@title": "{i18n>TimeZoneCode}",
          "key": true,
          "type": "cds.String",
          "length": 100
        }
      }
    },
    "CatlogService.Genres": {
      "kind": "entity",
      "@cds.autoexposed": true,
      "@cds.autoexpose": true,
      "@cds.persistence.skip": "if-unused",
      "@UI.Identification": [
        {
          "Value": {
            "=": "name"
          }
        }
      ],
      "@cds.odata.valuelist": true,
      "projection": {
        "from": {
          "ref": [
            "sap.capire.bookshop.Genres"
          ]
        }
      },
      "elements": {
        "name": {
          "@title": "{i18n>Name}",
          "localized": true,
          "type": "cds.String",
          "length": 255
        },
        "descr": {
          "@title": "{i18n>Description}",
          "localized": true,
          "type": "cds.String",
          "length": 1000
        },
        "ID": {
          "key": true,
          "type": "cds.Integer"
        },
        "parent": {
          "type": "cds.Association",
          "target": "CatlogService.Genres",
          "keys": [
            {
              "ref": [
                "ID"
              ]
            }
          ]
        },
        "children": {
          "type": "cds.Composition",
          "cardinality": {
            "max": "*"
          },
          "target": "CatlogService.Genres",
          "on": [
            {
              "ref": [
                "children",
                "parent"
              ]
            },
            "=",
            {
              "ref": [
                "$self"
              ]
            }
          ]
        },
        "texts": {
          "type": "cds.Composition",
          "cardinality": {
            "max": "*"
          },
          "target": "CatlogService.Genres.texts",
          "on": [
            {
              "ref": [
                "texts",
                "ID"
              ]
            },
            "=",
            {
              "ref": [
                "ID"
              ]
            }
          ]
        },
        "localized": {
          "type": "cds.Association",
          "target": "CatlogService.Genres.texts",
          "on": [
            {
              "ref": [
                "localized",
                "ID"
              ]
            },
            "=",
            {
              "ref": [
                "ID"
              ]
            },
            "and",
            {
              "ref": [
                "localized",
                "locale"
              ]
            },
            "=",
            {
              "ref": [
                "$user",
                "locale"
              ]
            }
          ]
        }
      }
    },
    "CatlogService.Currencies": {
      "kind": "entity",
      "@cds.autoexposed": true,
      "@cds.autoexpose": true,
      "@cds.persistence.skip": "if-unused",
      "@UI.Identification": [
        {
          "Value": {
            "=": "name"
          }
        }
      ],
      "@cds.odata.valuelist": true,
      "projection": {
        "from": {
          "ref": [
            "sap.common.Currencies"
          ]
        }
      },
      "elements": {
        "name": {
          "@title": "{i18n>Name}",
          "localized": true,
          "type": "cds.String",
          "length": 255
        },
        "descr": {
          "@title": "{i18n>Description}",
          "localized": true,
          "type": "cds.String",
          "length": 1000
        },
        "code": {
          "@title": "{i18n>CurrencyCode}",
          "@Common.Text": {
            "=": "name"
          },
          "key": true,
          "type": "cds.String",
          "length": 3
        },
        "symbol": {
          "@title": "{i18n>CurrencySymbol}",
          "type": "cds.String",
          "length": 5
        },
        "minorUnit": {
          "@title": "{i18n>CurrencyMinorUnit}",
          "type": "cds.Int16"
        },
        "texts": {
          "type": "cds.Composition",
          "cardinality": {
            "max": "*"
          },
          "target": "CatlogService.Currencies.texts",
          "on": [
            {
              "ref": [
                "texts",
                "code"
              ]
            },
            "=",
            {
              "ref": [
                "code"
              ]
            }
          ]
        },
        "localized": {
          "type": "cds.Association",
          "target": "CatlogService.Currencies.texts",
          "on": [
            {
              "ref": [
                "localized",
                "code"
              ]
            },
            "=",
            {
              "ref": [
                "code"
              ]
            },
            "and",
            {
              "ref": [
                "localized",
                "locale"
              ]
            },
            "=",
            {
              "ref": [
                "$user",
                "locale"
              ]
            }
          ]
        }
      }
    },
    "CatlogService.Books.texts": {
      "kind": "entity",
      "@cds.autoexposed": true,
      "@odata.draft.enabled": false,
      "projection": {
        "from": {
          "ref": [
            "sap.capire.bookshop.Books.texts"
          ]
        }
      },
      "elements": {
        "locale": {
          "@title": "{i18n>LanguageCode}",
          "key": true,
          "type": "sap.common.Locale",
          "length": 14
        },
        "ID": {
          "@odata.containment.ignore": true,
          "@title": "{i18n>id}",
          "key": true,
          "type": "cds.Integer"
        },
        "title": {
          "@title": "{i18n>title}",
          "localized": null,
          "type": "cds.String",
          "length": 111
        },
        "descr": {
          "@title": "{i18n>description}",
          "localized": null,
          "type": "cds.String",
          "length": 1111
        }
      }
    },
    "CatlogService.Genres.texts": {
      "kind": "entity",
      "@cds.autoexposed": true,
      "@odata.draft.enabled": false,
      "projection": {
        "from": {
          "ref": [
            "sap.capire.bookshop.Genres.texts"
          ]
        }
      },
      "elements": {
        "locale": {
          "@title": "{i18n>LanguageCode}",
          "key": true,
          "type": "sap.common.Locale",
          "length": 14
        },
        "name": {
          "@title": "{i18n>Name}",
          "localized": null,
          "type": "cds.String",
          "length": 255
        },
        "descr": {
          "@title": "{i18n>Description}",
          "localized": null,
          "type": "cds.String",
          "length": 1000
        },
        "ID": {
          "@odata.containment.ignore": true,
          "key": true,
          "type": "cds.Integer"
        }
      }
    },
    "CatlogService.Currencies.texts": {
      "kind": "entity",
      "@cds.autoexposed": true,
      "@odata.draft.enabled": false,
      "projection": {
        "from": {
          "ref": [
            "sap.common.Currencies.texts"
          ]
        }
      },
      "elements": {
        "locale": {
          "@title": "{i18n>LanguageCode}",
          "key": true,
          "type": "sap.common.Locale",
          "length": 14
        },
        "name": {
          "@title": "{i18n>Name}",
          "localized": null,
          "type": "cds.String",
          "length": 255
        },
        "descr": {
          "@title": "{i18n>Description}",
          "localized": null,
          "type": "cds.String",
          "length": 1000
        },
        "code": {
          "@odata.containment.ignore": true,
          "@title": "{i18n>CurrencyCode}",
          "@Common.Text": {
            "=": "name"
          },
          "key": true,
          "type": "cds.String",
          "length": 3
        }
      }
    }
  },
  "meta": {
    "creator": "CDS Compiler v5.7.4",
    "flavor": "inferred"
  },
  "$version": "2.0"
}