<?xml version="1.0" encoding="utf-8"?>
<edmx:Edmx Version="4.0" xmlns:edmx="http://docs.oasis-open.org/odata/ns/edmx">
  <edmx:Reference Uri="https://sap.github.io/odata-vocabularies/vocabularies/Common.xml">
    <edmx:Include Alias="Common" Namespace="com.sap.vocabularies.Common.v1"/>
  </edmx:Reference>
  <edmx:Reference Uri="https://oasis-tcs.github.io/odata-vocabularies/vocabularies/Org.OData.Core.V1.xml">
    <edmx:Include Alias="Core" Namespace="Org.OData.Core.V1"/>
  </edmx:Reference>
  <edmx:Reference Uri="https://sap.github.io/odata-vocabularies/vocabularies/UI.xml">
    <edmx:Include Alias="UI" Namespace="com.sap.vocabularies.UI.v1"/>
  </edmx:Reference>
  <edmx:DataServices>
    <Schema Namespace="CatlogService" xmlns="http://docs.oasis-open.org/odata/ns/edm">
      <Annotation Term="Core.Links">
        <Collection>
          <Record>
            <PropertyValue Property="rel" String="author"/>
            <PropertyValue Property="href" String="https://cap.cloud.sap"/>
          </Record>
        </Collection>
      </Annotation>
      <EntityContainer Name="EntityContainer">
        <EntitySet Name="Books" EntityType="CatlogService.Books">
          <NavigationPropertyBinding Path="author" Target="Authors"/>
          <NavigationPropertyBinding Path="genre" Target="Genres"/>
          <NavigationPropertyBinding Path="currency" Target="Currencies"/>
          <NavigationPropertyBinding Path="texts" Target="Books_texts"/>
          <NavigationPropertyBinding Path="localized" Target="Books_texts"/>
        </EntitySet>
        <EntitySet Name="Authors" EntityType="CatlogService.Authors">
          <NavigationPropertyBinding Path="books" Target="Books"/>
        </EntitySet>
        <EntitySet Name="Genres" EntityType="CatlogService.Genres">
          <NavigationPropertyBinding Path="parent" Target="Genres"/>
          <NavigationPropertyBinding Path="children" Target="Genres"/>
          <NavigationPropertyBinding Path="texts" Target="Genres_texts"/>
          <NavigationPropertyBinding Path="localized" Target="Genres_texts"/>
        </EntitySet>
        <EntitySet Name="Currencies" EntityType="CatlogService.Currencies">
          <NavigationPropertyBinding Path="texts" Target="Currencies_texts"/>
          <NavigationPropertyBinding Path="localized" Target="Currencies_texts"/>
        </EntitySet>
        <EntitySet Name="Books_texts" EntityType="CatlogService.Books_texts"/>
        <EntitySet Name="Genres_texts" EntityType="CatlogService.Genres_texts"/>
        <EntitySet Name="Currencies_texts" EntityType="CatlogService.Currencies_texts"/>
      </EntityContainer>
      <EntityType Name="Books">
        <Key>
          <PropertyRef Name="ID"/>
        </Key>
        <Property Name="createdAt" Type="Edm.DateTimeOffset" Precision="7"/>
        <Property Name="createdBy" Type="Edm.String" MaxLength="255"/>
        <Property Name="modifiedAt" Type="Edm.DateTimeOffset" Precision="7"/>
        <Property Name="modifiedBy" Type="Edm.String" MaxLength="255"/>
        <Property Name="ID" Type="Edm.Int32" Nullable="false"/>
        <Property Name="title" Type="Edm.String" MaxLength="111"/>
        <Property Name="descr" Type="Edm.String" MaxLength="1111"/>
        <NavigationProperty Name="author" Type="CatlogService.Authors" Partner="books">
          <ReferentialConstraint Property="author_ID" ReferencedProperty="ID"/>
        </NavigationProperty>
        <Property Name="author_ID" Type="Edm.Int32"/>
        <NavigationProperty Name="genre" Type="CatlogService.Genres">
          <ReferentialConstraint Property="genre_ID" ReferencedProperty="ID"/>
        </NavigationProperty>
        <Property Name="genre_ID" Type="Edm.Int32"/>
        <Property Name="stock" Type="Edm.Int32"/>
        <Property Name="price" Type="Edm.Decimal" Scale="variable"/>
        <NavigationProperty Name="currency" Type="CatlogService.Currencies">
          <ReferentialConstraint Property="currency_code" ReferencedProperty="code"/>
        </NavigationProperty>
        <Property Name="currency_code" Type="Edm.String" MaxLength="3"/>
        <NavigationProperty Name="texts" Type="Collection(CatlogService.Books_texts)">
          <OnDelete Action="Cascade"/>
        </NavigationProperty>
        <NavigationProperty Name="localized" Type="CatlogService.Books_texts">
          <ReferentialConstraint Property="ID" ReferencedProperty="ID"/>
        </NavigationProperty>
      </EntityType>
      <EntityType Name="Authors">
        <Key>
          <PropertyRef Name="ID"/>
        </Key>
        <Property Name="createdAt" Type="Edm.DateTimeOffset" Precision="7"/>
        <Property Name="createdBy" Type="Edm.String" MaxLength="255"/>
        <Property Name="modifiedAt" Type="Edm.DateTimeOffset" Precision="7"/>
        <Property Name="modifiedBy" Type="Edm.String" MaxLength="255"/>
        <Property Name="ID" Type="Edm.Int32" Nullable="false"/>
        <Property Name="name" Type="Edm.String" MaxLength="111"/>
        <Property Name="dateOfBirth" Type="Edm.Date"/>
        <Property Name="dateOfDeath" Type="Edm.Date"/>
        <Property Name="placeOfBirth" Type="Edm.String"/>
        <Property Name="placeOfDeath" Type="Edm.String"/>
        <NavigationProperty Name="books" Type="Collection(CatlogService.Books)" Partner="author"/>
      </EntityType>
      <EntityType Name="Genres">
        <Key>
          <PropertyRef Name="ID"/>
        </Key>
        <Property Name="name" Type="Edm.String" MaxLength="255"/>
        <Property Name="descr" Type="Edm.String" MaxLength="1000"/>
        <Property Name="ID" Type="Edm.Int32" Nullable="false"/>
        <NavigationProperty Name="parent" Type="CatlogService.Genres" Partner="children">
          <ReferentialConstraint Property="parent_ID" ReferencedProperty="ID"/>
        </NavigationProperty>
        <Property Name="parent_ID" Type="Edm.Int32"/>
        <NavigationProperty Name="children" Type="Collection(CatlogService.Genres)" Partner="parent">
          <OnDelete Action="Cascade"/>
        </NavigationProperty>
        <NavigationProperty Name="texts" Type="Collection(CatlogService.Genres_texts)">
          <OnDelete Action="Cascade"/>
        </NavigationProperty>
        <NavigationProperty Name="localized" Type="CatlogService.Genres_texts">
          <ReferentialConstraint Property="ID" ReferencedProperty="ID"/>
        </NavigationProperty>
      </EntityType>
      <EntityType Name="Currencies">
        <Key>
          <PropertyRef Name="code"/>
        </Key>
        <Property Name="name" Type="Edm.String" MaxLength="255"/>
        <Property Name="descr" Type="Edm.String" MaxLength="1000"/>
        <Property Name="code" Type="Edm.String" MaxLength="3" Nullable="false"/>
        <Property Name="symbol" Type="Edm.String" MaxLength="5"/>
        <Property Name="minorUnit" Type="Edm.Int16"/>
        <NavigationProperty Name="texts" Type="Collection(CatlogService.Currencies_texts)">
          <OnDelete Action="Cascade"/>
        </NavigationProperty>
        <NavigationProperty Name="localized" Type="CatlogService.Currencies_texts">
          <ReferentialConstraint Property="code" ReferencedProperty="code"/>
        </NavigationProperty>
      </EntityType>
      <EntityType Name="Books_texts">
        <Key>
          <PropertyRef Name="locale"/>
          <PropertyRef Name="ID"/>
        </Key>
        <Property Name="locale" Type="Edm.String" MaxLength="14" Nullable="false"/>
        <Property Name="ID" Type="Edm.Int32" Nullable="false"/>
        <Property Name="title" Type="Edm.String" MaxLength="111"/>
        <Property Name="descr" Type="Edm.String" MaxLength="1111"/>
      </EntityType>
      <EntityType Name="Genres_texts">
        <Key>
          <PropertyRef Name="locale"/>
          <PropertyRef Name="ID"/>
        </Key>
        <Property Name="locale" Type="Edm.String" MaxLength="14" Nullable="false"/>
        <Property Name="name" Type="Edm.String" MaxLength="255"/>
        <Property Name="descr" Type="Edm.String" MaxLength="1000"/>
        <Property Name="ID" Type="Edm.Int32" Nullable="false"/>
      </EntityType>
      <EntityType Name="Currencies_texts">
        <Key>
          <PropertyRef Name="locale"/>
          <PropertyRef Name="code"/>
        </Key>
        <Property Name="locale" Type="Edm.String" MaxLength="14" Nullable="false"/>
        <Property Name="name" Type="Edm.String" MaxLength="255"/>
        <Property Name="descr" Type="Edm.String" MaxLength="1000"/>
        <Property Name="code" Type="Edm.String" MaxLength="3" Nullable="false"/>
      </EntityType>
      <Annotations Target="CatlogService.Books">
        <Annotation Term="UI.HeaderInfo">
          <Record Type="UI.HeaderInfoType">
            <PropertyValue Property="Title">
              <Record Type="UI.DataField">
                <PropertyValue Property="Value" Path="ID"/>
              </Record>
            </PropertyValue>
            <PropertyValue Property="TypeName" String="{i18n>Book}"/>
            <PropertyValue Property="TypeNamePlural" String="{i18n>Books}"/>
          </Record>
        </Annotation>
        <Annotation Term="UI.LineItem">
          <Collection>
            <Record Type="UI.DataField">
              <PropertyValue Property="Value" Path="ID"/>
            </Record>
            <Record Type="UI.DataField">
              <PropertyValue Property="Value" Path="title"/>
            </Record>
            <Record Type="UI.DataField">
              <PropertyValue Property="Value" Path="author/name"/>
            </Record>
            <Record Type="UI.DataField">
              <PropertyValue Property="Value" Path="stock"/>
            </Record>
            <Record Type="UI.DataField">
              <PropertyValue Property="Value" Path="price"/>
            </Record>
            <Record Type="UI.DataField">
              <PropertyValue Property="Value" Path="currency_code"/>
            </Record>
            <Record Type="UI.DataField">
              <PropertyValue Property="Value" Path="currency/symbol"/>
            </Record>
          </Collection>
        </Annotation>
      </Annotations>
      <Annotations Target="CatlogService.Books/createdAt">
        <Annotation Term="UI.HiddenFilter" Bool="true"/>
        <Annotation Term="UI.ExcludeFromNavigationContext" Bool="true"/>
        <Annotation Term="Core.Immutable" Bool="true"/>
        <Annotation Term="Core.Computed" Bool="true"/>
        <Annotation Term="Common.Label" String="{i18n>CreatedAt}"/>
      </Annotations>
      <Annotations Target="CatlogService.Books/createdBy">
        <Annotation Term="UI.HiddenFilter" Bool="true"/>
        <Annotation Term="UI.ExcludeFromNavigationContext" Bool="true"/>
        <Annotation Term="Core.Immutable" Bool="true"/>
        <Annotation Term="Core.Computed" Bool="true"/>
        <Annotation Term="Core.Description" String="{i18n>UserID.Description}"/>
        <Annotation Term="Common.Label" String="{i18n>CreatedBy}"/>
      </Annotations>
      <Annotations Target="CatlogService.Books/modifiedAt">
        <Annotation Term="UI.HiddenFilter" Bool="true"/>
        <Annotation Term="UI.ExcludeFromNavigationContext" Bool="true"/>
        <Annotation Term="Core.Computed" Bool="true"/>
        <Annotation Term="Common.Label" String="{i18n>ChangedAt}"/>
      </Annotations>
      <Annotations Target="CatlogService.Books/modifiedBy">
        <Annotation Term="UI.HiddenFilter" Bool="true"/>
        <Annotation Term="UI.ExcludeFromNavigationContext" Bool="true"/>
        <Annotation Term="Core.Computed" Bool="true"/>
        <Annotation Term="Core.Description" String="{i18n>UserID.Description}"/>
        <Annotation Term="Common.Label" String="{i18n>ChangedBy}"/>
      </Annotations>
      <Annotations Target="CatlogService.Books/ID">
        <Annotation Term="Common.Label" String="{i18n>id}"/>
      </Annotations>
      <Annotations Target="CatlogService.Books/title">
        <Annotation Term="Common.Label" String="{i18n>title}"/>
      </Annotations>
      <Annotations Target="CatlogService.Books/descr">
        <Annotation Term="Common.Label" String="{i18n>description}"/>
      </Annotations>
      <Annotations Target="CatlogService.Books/author">
        <Annotation Term="Common.Label" String="{i18n>author}"/>
      </Annotations>
      <Annotations Target="CatlogService.Books/author_ID">
        <Annotation Term="Common.Label" String="{i18n>author}"/>
      </Annotations>
      <Annotations Target="CatlogService.Books/genre">
        <Annotation Term="Common.Label" String="{i18n>genre}"/>
      </Annotations>
      <Annotations Target="CatlogService.Books/genre_ID">
        <Annotation Term="Common.Label" String="{i18n>genre}"/>
        <Annotation Term="Common.ValueList">
          <Record Type="Common.ValueListType">
            <PropertyValue Property="Label" String="{i18n>genre}"/>
            <PropertyValue Property="CollectionPath" String="Genres"/>
            <PropertyValue Property="Parameters">
              <Collection>
                <Record Type="Common.ValueListParameterInOut">
                  <PropertyValue Property="LocalDataProperty" PropertyPath="genre_ID"/>
                  <PropertyValue Property="ValueListProperty" String="ID"/>
                </Record>
                <Record Type="Common.ValueListParameterDisplayOnly">
                  <PropertyValue Property="ValueListProperty" String="name"/>
                </Record>
              </Collection>
            </PropertyValue>
          </Record>
        </Annotation>
      </Annotations>
      <Annotations Target="CatlogService.Books/stock">
        <Annotation Term="Common.Label" String="{i18n>stock}"/>
      </Annotations>
      <Annotations Target="CatlogService.Books/price">
        <Annotation Term="Common.Label" String="{i18n>price}"/>
      </Annotations>
      <Annotations Target="CatlogService.Books/currency">
        <Annotation Term="Common.Label" String="{i18n>currency}"/>
        <Annotation Term="Core.Description" String="{i18n>CurrencyCode.Description}"/>
      </Annotations>
      <Annotations Target="CatlogService.Books/currency_code">
        <Annotation Term="Common.Label" String="{i18n>currency}"/>
        <Annotation Term="Common.ValueList">
          <Record Type="Common.ValueListType">
            <PropertyValue Property="Label" String="{i18n>currency}"/>
            <PropertyValue Property="CollectionPath" String="Currencies"/>
            <PropertyValue Property="Parameters">
              <Collection>
                <Record Type="Common.ValueListParameterInOut">
                  <PropertyValue Property="LocalDataProperty" PropertyPath="currency_code"/>
                  <PropertyValue Property="ValueListProperty" String="code"/>
                </Record>
                <Record Type="Common.ValueListParameterDisplayOnly">
                  <PropertyValue Property="ValueListProperty" String="name"/>
                </Record>
              </Collection>
            </PropertyValue>
          </Record>
        </Annotation>
        <Annotation Term="Core.Description" String="{i18n>CurrencyCode.Description}"/>
      </Annotations>
      <Annotations Target="CatlogService.Authors">
        <Annotation Term="UI.HeaderInfo">
          <Record Type="UI.HeaderInfoType">
            <PropertyValue Property="TypeName" String="Author"/>
            <PropertyValue Property="TypeNamePlural" String="Authors"/>
            <PropertyValue Property="Title">
              <Record Type="UI.DataField">
                <PropertyValue Property="Value" Path="ID"/>
                <PropertyValue Property="Label" String="{i18n>Details}"/>
              </Record>
            </PropertyValue>
          </Record>
        </Annotation>
        <Annotation Term="UI.SelectionFields">
          <Collection>
            <PropertyPath>ID</PropertyPath>
            <PropertyPath>name</PropertyPath>
          </Collection>
        </Annotation>
        <Annotation Term="UI.LineItem">
          <Collection>
            <Record Type="UI.DataField">
              <PropertyValue Property="Value" Path="ID"/>
            </Record>
            <Record Type="UI.DataField">
              <PropertyValue Property="Value" Path="name"/>
            </Record>
            <Record Type="UI.DataField">
              <PropertyValue Property="Value" Path="dateOfBirth"/>
            </Record>
            <Record Type="UI.DataField">
              <PropertyValue Property="Value" Path="dateOfDeath"/>
            </Record>
            <Record Type="UI.DataField">
              <PropertyValue Property="Value" Path="placeOfBirth"/>
            </Record>
            <Record Type="UI.DataField">
              <PropertyValue Property="Value" Path="placeOfDeath"/>
            </Record>
          </Collection>
        </Annotation>
        <Annotation Term="UI.Facets">
          <Collection>
            <Record Type="UI.ReferenceFacet">
              <PropertyValue Property="Label" String="{i18n>Details}"/>
              <PropertyValue Property="Target" AnnotationPath="@UI.FieldGroup#Details"/>
            </Record>
            <Record Type="UI.ReferenceFacet">
              <PropertyValue Property="Label" String="{i18n>Books}"/>
              <PropertyValue Property="Target" AnnotationPath="books/@UI.LineItem"/>
            </Record>
          </Collection>
        </Annotation>
        <Annotation Term="UI.FieldGroup" Qualifier="Details">
          <Record Type="UI.FieldGroupType">
            <PropertyValue Property="Data">
              <Collection>
                <Record Type="UI.DataField">
                  <PropertyValue Property="Value" Path="name"/>
                </Record>
                <Record Type="UI.DataField">
                  <PropertyValue Property="Value" Path="placeOfBirth"/>
                </Record>
                <Record Type="UI.DataField">
                  <PropertyValue Property="Value" Path="placeOfDeath"/>
                </Record>
                <Record Type="UI.DataField">
                  <PropertyValue Property="Value" Path="dateOfBirth"/>
                </Record>
                <Record Type="UI.DataField">
                  <PropertyValue Property="Value" Path="dateOfDeath"/>
                </Record>
              </Collection>
            </PropertyValue>
          </Record>
        </Annotation>
      </Annotations>
      <Annotations Target="CatlogService.Authors/createdAt">
        <Annotation Term="UI.HiddenFilter" Bool="true"/>
        <Annotation Term="UI.ExcludeFromNavigationContext" Bool="true"/>
        <Annotation Term="Core.Immutable" Bool="true"/>
        <Annotation Term="Core.Computed" Bool="true"/>
        <Annotation Term="Common.Label" String="{i18n>CreatedAt}"/>
      </Annotations>
      <Annotations Target="CatlogService.Authors/createdBy">
        <Annotation Term="UI.HiddenFilter" Bool="true"/>
        <Annotation Term="UI.ExcludeFromNavigationContext" Bool="true"/>
        <Annotation Term="Core.Immutable" Bool="true"/>
        <Annotation Term="Core.Computed" Bool="true"/>
        <Annotation Term="Core.Description" String="{i18n>UserID.Description}"/>
        <Annotation Term="Common.Label" String="{i18n>CreatedBy}"/>
      </Annotations>
      <Annotations Target="CatlogService.Authors/modifiedAt">
        <Annotation Term="UI.HiddenFilter" Bool="true"/>
        <Annotation Term="UI.ExcludeFromNavigationContext" Bool="true"/>
        <Annotation Term="Core.Computed" Bool="true"/>
        <Annotation Term="Common.Label" String="{i18n>ChangedAt}"/>
      </Annotations>
      <Annotations Target="CatlogService.Authors/modifiedBy">
        <Annotation Term="UI.HiddenFilter" Bool="true"/>
        <Annotation Term="UI.ExcludeFromNavigationContext" Bool="true"/>
        <Annotation Term="Core.Computed" Bool="true"/>
        <Annotation Term="Core.Description" String="{i18n>UserID.Description}"/>
        <Annotation Term="Common.Label" String="{i18n>ChangedBy}"/>
      </Annotations>
      <Annotations Target="CatlogService.Authors/name">
        <Annotation Term="Common.Label" String="{i18n>authors}"/>
      </Annotations>
      <Annotations Target="CatlogService.Authors/dateOfBirth">
        <Annotation Term="Common.Label" String="{i18n>dateOfBirth}"/>
      </Annotations>
      <Annotations Target="CatlogService.Authors/dateOfDeath">
        <Annotation Term="Common.Label" String="{i18n>dateOfDeath}"/>
      </Annotations>
      <Annotations Target="CatlogService.Authors/placeOfBirth">
        <Annotation Term="Common.Label" String="{i18n>placeOfBirth}"/>
      </Annotations>
      <Annotations Target="CatlogService.Authors/placeOfDeath">
        <Annotation Term="Common.Label" String="{i18n>placeOfDeath}"/>
      </Annotations>
      <Annotations Target="CatlogService.Genres">
        <Annotation Term="UI.Identification">
          <Collection>
            <Record Type="UI.DataField">
              <PropertyValue Property="Value" Path="name"/>
            </Record>
          </Collection>
        </Annotation>
      </Annotations>
      <Annotations Target="CatlogService.Genres/name">
        <Annotation Term="Common.Label" String="{i18n>Name}"/>
      </Annotations>
      <Annotations Target="CatlogService.Genres/descr">
        <Annotation Term="Common.Label" String="{i18n>Description}"/>
      </Annotations>
      <Annotations Target="CatlogService.Genres/parent_ID">
        <Annotation Term="Common.ValueList">
          <Record Type="Common.ValueListType">
            <PropertyValue Property="Label" String="Genres"/>
            <PropertyValue Property="CollectionPath" String="Genres"/>
            <PropertyValue Property="Parameters">
              <Collection>
                <Record Type="Common.ValueListParameterInOut">
                  <PropertyValue Property="LocalDataProperty" PropertyPath="parent_ID"/>
                  <PropertyValue Property="ValueListProperty" String="ID"/>
                </Record>
                <Record Type="Common.ValueListParameterDisplayOnly">
                  <PropertyValue Property="ValueListProperty" String="name"/>
                </Record>
              </Collection>
            </PropertyValue>
          </Record>
        </Annotation>
      </Annotations>
      <Annotations Target="CatlogService.Currencies">
        <Annotation Term="UI.Identification">
          <Collection>
            <Record Type="UI.DataField">
              <PropertyValue Property="Value" Path="name"/>
            </Record>
          </Collection>
        </Annotation>
      </Annotations>
      <Annotations Target="CatlogService.Currencies/name">
        <Annotation Term="Common.Label" String="{i18n>Name}"/>
      </Annotations>
      <Annotations Target="CatlogService.Currencies/descr">
        <Annotation Term="Common.Label" String="{i18n>Description}"/>
      </Annotations>
      <Annotations Target="CatlogService.Currencies/code">
        <Annotation Term="Common.Text" Path="name"/>
        <Annotation Term="Common.Label" String="{i18n>CurrencyCode}"/>
      </Annotations>
      <Annotations Target="CatlogService.Currencies/symbol">
        <Annotation Term="Common.Label" String="{i18n>CurrencySymbol}"/>
      </Annotations>
      <Annotations Target="CatlogService.Currencies/minorUnit">
        <Annotation Term="Common.Label" String="{i18n>CurrencyMinorUnit}"/>
      </Annotations>
      <Annotations Target="CatlogService.Books_texts/locale">
        <Annotation Term="Common.Label" String="{i18n>LanguageCode}"/>
      </Annotations>
      <Annotations Target="CatlogService.Books_texts/ID">
        <Annotation Term="Common.Label" String="{i18n>id}"/>
      </Annotations>
      <Annotations Target="CatlogService.Books_texts/title">
        <Annotation Term="Common.Label" String="{i18n>title}"/>
      </Annotations>
      <Annotations Target="CatlogService.Books_texts/descr">
        <Annotation Term="Common.Label" String="{i18n>description}"/>
      </Annotations>
      <Annotations Target="CatlogService.Genres_texts/locale">
        <Annotation Term="Common.Label" String="{i18n>LanguageCode}"/>
      </Annotations>
      <Annotations Target="CatlogService.Genres_texts/name">
        <Annotation Term="Common.Label" String="{i18n>Name}"/>
      </Annotations>
      <Annotations Target="CatlogService.Genres_texts/descr">
        <Annotation Term="Common.Label" String="{i18n>Description}"/>
      </Annotations>
      <Annotations Target="CatlogService.Currencies_texts/locale">
        <Annotation Term="Common.Label" String="{i18n>LanguageCode}"/>
      </Annotations>
      <Annotations Target="CatlogService.Currencies_texts/name">
        <Annotation Term="Common.Label" String="{i18n>Name}"/>
      </Annotations>
      <Annotations Target="CatlogService.Currencies_texts/descr">
        <Annotation Term="Common.Label" String="{i18n>Description}"/>
      </Annotations>
      <Annotations Target="CatlogService.Currencies_texts/code">
        <Annotation Term="Common.Text" Path="name"/>
        <Annotation Term="Common.Label" String="{i18n>CurrencyCode}"/>
      </Annotations>
    </Schema>
  </edmx:DataServices>
</edmx:Edmx>